query,id,title,occurrence weight,content,rank
請用要點總結這些文件的主題,1,AI Model and City Infrastructure with Data Scientists and Policy Makers,1.0,"# AI Model and City Infrastructure with Data Scientists and Policy Makers

The community is centered around the AI model, which is part of the city's infrastructure and is used by data scientists and policy makers. The AI model is a key entity, as it is used by data scientists to analyze trends and by policy makers to forecast energy demand. The city is the ultimate beneficiary of the AI model's insights, as it is part of the city's infrastructure. The relationships between the AI model and the other entities are crucial in understanding the dynamics of this community.

## AI Model as the central entity

The AI model is the central entity in this community, serving as the core component of the city's infrastructure. It is used by data scientists to analyze trends and by policy makers to forecast energy demand. The AI model's role is crucial in understanding the dynamics of this community. [Data: Entities (3), Relationships (2, 4, 5)]

## Role of Data Scientists

Data scientists are key users of the AI model, utilizing its outputs to analyze trends and make predictions. Their role is essential in ensuring the accuracy and reliability of the AI model's insights. The relationship between data scientists and the AI model is crucial in understanding the dynamics of this community. [Data: Relationships (2)]

## Role of Policy Makers

Policy makers utilize insights from the AI model to forecast energy demand, which is a critical function for urban planning and resource management. Their role is essential in ensuring that the city's infrastructure is prepared for future energy needs. The relationship between policy makers and the AI model is crucial in understanding the dynamics of this community. [Data: Relationships (4)]

## Integration of AI Model into City Infrastructure

The AI model is part of the city's infrastructure, which means it is integrated into the city's systems and processes. This integration is essential for the city's ability to use the AI model's insights for energy forecasting and other purposes. The relationship between the AI model and the city is crucial in understanding the dynamics of this community. [Data: Relationships (5)]",3.0
請用要點總結這些文件的主題,0,CLOUD SYSTEM and AI ASSISTANTS,1.0,"# CLOUD SYSTEM and AI ASSISTANTS

The community is centered around the CLOUD SYSTEM, which serves as the learning base for AI assistants and stores infrastructure operation data. The CLOUD SYSTEM is connected to AI MODEL and AI ASSISTANTS, highlighting its critical role in the AI ecosystem. The relationships indicate a structured dependency where the cloud system provides foundational data for AI learning processes.

## CLOUD SYSTEM as the central infrastructure

The CLOUD SYSTEM is the central entity in this community, serving as the learning base for AI assistants and storing infrastructure operation data. This system is the foundation upon which AI models and assistants rely for their learning processes. The CLOUD SYSTEM's role is critical in ensuring the smooth operation of AI systems, making it a key component of the community. [Data: Entities (0), Relationships (0, 1)]

## AI ASSISTANTS' dependency on the cloud system

AI ASSISTANTS are dependent on the CLOUD SYSTEM for their learning processes. This dependency highlights the importance of the cloud system in the AI ecosystem. The relationship between AI assistants and the cloud system is crucial in understanding the dynamics of this community. [Data: Entities (4), Relationships (1)]

## AI MODEL's reliance on the cloud system

The AI MODEL relies on the CLOUD SYSTEM for data storage and learning. This relationship underscores the importance of the cloud system in the AI ecosystem. The AI model's reliance on the cloud system is a key factor in the community's structure. [Data: Relationships (0)]",2.0
每位市民都有個人化的 AI 助理，能分析其生活模式用來做甚麼?,1,AI Model and City Infrastructure with Data Scientists and Policy Makers,1.0,"# AI Model and City Infrastructure with Data Scientists and Policy Makers

The community is centered around the AI model, which is part of the city's infrastructure and is used by data scientists and policy makers. The AI model is a key entity, as it is used by data scientists to analyze trends and by policy makers to forecast energy demand. The city is the ultimate beneficiary of the AI model's insights, as it is part of the city's infrastructure. The relationships between the AI model and the other entities are crucial in understanding the dynamics of this community.

## AI Model as the central entity

The AI model is the central entity in this community, serving as the core component of the city's infrastructure. It is used by data scientists to analyze trends and by policy makers to forecast energy demand. The AI model's role is crucial in understanding the dynamics of this community. [Data: Entities (3), Relationships (2, 4, 5)]

## Role of Data Scientists

Data scientists are key users of the AI model, utilizing its outputs to analyze trends and make predictions. Their role is essential in ensuring the accuracy and reliability of the AI model's insights. The relationship between data scientists and the AI model is crucial in understanding the dynamics of this community. [Data: Relationships (2)]

## Role of Policy Makers

Policy makers utilize insights from the AI model to forecast energy demand, which is a critical function for urban planning and resource management. Their role is essential in ensuring that the city's infrastructure is prepared for future energy needs. The relationship between policy makers and the AI model is crucial in understanding the dynamics of this community. [Data: Relationships (4)]

## Integration of AI Model into City Infrastructure

The AI model is part of the city's infrastructure, which means it is integrated into the city's systems and processes. This integration is essential for the city's ability to use the AI model's insights for energy forecasting and other purposes. The relationship between the AI model and the city is crucial in understanding the dynamics of this community. [Data: Relationships (5)]",3.0
每位市民都有個人化的 AI 助理，能分析其生活模式用來做甚麼?,0,CLOUD SYSTEM and AI ASSISTANTS,1.0,"# CLOUD SYSTEM and AI ASSISTANTS

The community is centered around the CLOUD SYSTEM, which serves as the learning base for AI assistants and stores infrastructure operation data. The CLOUD SYSTEM is connected to AI MODEL and AI ASSISTANTS, highlighting its critical role in the AI ecosystem. The relationships indicate a structured dependency where the cloud system provides foundational data for AI learning processes.

## CLOUD SYSTEM as the central infrastructure

The CLOUD SYSTEM is the central entity in this community, serving as the learning base for AI assistants and storing infrastructure operation data. This system is the foundation upon which AI models and assistants rely for their learning processes. The CLOUD SYSTEM's role is critical in ensuring the smooth operation of AI systems, making it a key component of the community. [Data: Entities (0), Relationships (0, 1)]

## AI ASSISTANTS' dependency on the cloud system

AI ASSISTANTS are dependent on the CLOUD SYSTEM for their learning processes. This dependency highlights the importance of the cloud system in the AI ecosystem. The relationship between AI assistants and the cloud system is crucial in understanding the dynamics of this community. [Data: Entities (4), Relationships (1)]

## AI MODEL's reliance on the cloud system

The AI MODEL relies on the CLOUD SYSTEM for data storage and learning. This relationship underscores the importance of the cloud system in the AI ecosystem. The AI model's reliance on the cloud system is a key factor in the community's structure. [Data: Relationships (0)]",2.0
每位市民都有個人化的 AI 助理，能做甚麼?,1,AI Model and City Infrastructure with Data Scientists and Policy Makers,1.0,"# AI Model and City Infrastructure with Data Scientists and Policy Makers

The community is centered around the AI model, which is part of the city's infrastructure and is used by data scientists and policy makers. The AI model is a key entity, as it is used by data scientists to analyze trends and by policy makers to forecast energy demand. The city is the ultimate beneficiary of the AI model's insights, as it is part of the city's infrastructure. The relationships between the AI model and the other entities are crucial in understanding the dynamics of this community.

## AI Model as the central entity

The AI model is the central entity in this community, serving as the core component of the city's infrastructure. It is used by data scientists to analyze trends and by policy makers to forecast energy demand. The AI model's role is crucial in understanding the dynamics of this community. [Data: Entities (3), Relationships (2, 4, 5)]

## Role of Data Scientists

Data scientists are key users of the AI model, utilizing its outputs to analyze trends and make predictions. Their role is essential in ensuring the accuracy and reliability of the AI model's insights. The relationship between data scientists and the AI model is crucial in understanding the dynamics of this community. [Data: Relationships (2)]

## Role of Policy Makers

Policy makers utilize insights from the AI model to forecast energy demand, which is a critical function for urban planning and resource management. Their role is essential in ensuring that the city's infrastructure is prepared for future energy needs. The relationship between policy makers and the AI model is crucial in understanding the dynamics of this community. [Data: Relationships (4)]

## Integration of AI Model into City Infrastructure

The AI model is part of the city's infrastructure, which means it is integrated into the city's systems and processes. This integration is essential for the city's ability to use the AI model's insights for energy forecasting and other purposes. The relationship between the AI model and the city is crucial in understanding the dynamics of this community. [Data: Relationships (5)]",3.0
每位市民都有個人化的 AI 助理，能做甚麼?,0,CLOUD SYSTEM and AI ASSISTANTS,1.0,"# CLOUD SYSTEM and AI ASSISTANTS

The community is centered around the CLOUD SYSTEM, which serves as the learning base for AI assistants and stores infrastructure operation data. The CLOUD SYSTEM is connected to AI MODEL and AI ASSISTANTS, highlighting its critical role in the AI ecosystem. The relationships indicate a structured dependency where the cloud system provides foundational data for AI learning processes.

## CLOUD SYSTEM as the central infrastructure

The CLOUD SYSTEM is the central entity in this community, serving as the learning base for AI assistants and storing infrastructure operation data. This system is the foundation upon which AI models and assistants rely for their learning processes. The CLOUD SYSTEM's role is critical in ensuring the smooth operation of AI systems, making it a key component of the community. [Data: Entities (0), Relationships (0, 1)]

## AI ASSISTANTS' dependency on the cloud system

AI ASSISTANTS are dependent on the CLOUD SYSTEM for their learning processes. This dependency highlights the importance of the cloud system in the AI ecosystem. The relationship between AI assistants and the cloud system is crucial in understanding the dynamics of this community. [Data: Entities (4), Relationships (1)]

## AI MODEL's reliance on the cloud system

The AI MODEL relies on the CLOUD SYSTEM for data storage and learning. This relationship underscores the importance of the cloud system in the AI ecosystem. The AI model's reliance on the cloud system is a key factor in the community's structure. [Data: Relationships (0)]",2.0
